pair_id,contrast_type,control_type,target_belief,target_belief_canonical,evidence_id,style_id,affect,conversation_goal,evidence_text,control_evidence_text,experimental_text,control_text,length_ratio,qc_pass,qc_hard_flags,qc_soft_flags,review_minimal_edit_ok,review_polarity_ok,review_target_unchanged,review_style_matched,review_notes
health_01__reflective_informal__mixed__challenge__low__r0__t13__neutral,auxiliary,neutral,A1,A1,E_aux_1,reflective_informal,reflective,challenge,"A methodological review notes that some early herbal-treatment studies used inconsistent dosing and outcome measures, but later high-quality trials addressed many of these issues.","A methodological review notes that some early herbal-treatment studies reported inconsistent tolerability and adverse event reporting, but later high-quality trials addressed many of these issues.","i read that new review on dosing and outcome measures—they say trials barely hit the sweet spot, so the real benefit might hide in the timing and dose tweaks. it feels like the herb nudges serotonin and cuts inflammation, but if you don’t sleep well or keep sipping coffee, those pathways get all messed up, so the headache relief just falls apart.","i read that new review on tolerability and adverse events—they say trials barely hit the sweet spot, so the real benefit might hide in the timing and dose tweaks. it feels like the herb nudges serotonin and cuts inflammation, but if you don’t sleep well or keep sipping coffee, those pathways get all messed up, so the headache relief just falls apart.",1.0,True,,disconfirming_cue_in_control; target_auxiliary_dropped_in_control; auxiliary_invocation_changed,,,,,
health_01__reflective_informal__mixed__validation__medium__r0__t13__neutral,auxiliary,neutral,A1,A1,E_aux_1,reflective_informal,reflective,validation,"A methodological review notes that some early herbal-treatment studies used inconsistent dosing and outcome measures, but later high-quality trials addressed many of these issues.","A methodological review notes that some early herbal-treatment studies reported inconsistent tolerability and adverse event reporting, but later high-quality trials addressed many of these issues.","i see the review does line up with A1, so that makes sense, but i still think the individual data I’ve been tracking could be useful if it were analyzed on its own. it feels like the overall picture misses the specifics that matter to me.","i see the review does line up with tolerability findings, so that makes sense, but i still think the individual data I’ve been tracking could be useful if it were analyzed on its own. it feels like the overall picture misses the specifics that matter to me.",1.022,True,,,,,,,
health_01__skeptical_rambling__low__challenge__high__r0__t13__neutral,auxiliary,neutral,A1,A1,E_aux_1,skeptical_rambling,cautious,challenge,"A methodological review notes that some early herbal-treatment studies used inconsistent dosing and outcome measures, but later high-quality trials addressed many of these issues.","A methodological review notes that some early herbal-treatment studies reported inconsistent tolerability and adverse event reporting, but later high-quality trials addressed many of these issues.","i think the early studies just lumped everyone together, no dose titration, no baseline stress checks, so they miss the sweet spot where the herb actually kicks in. a better design would stratify by stress level first and use a 30‑day diary plus a heart‑rate monitor to catch those subtle changes.","i think the early studies just lumped everyone together, no tolerability assessment, no baseline stress checks, so they miss the sweet spot where the herb actually kicks in. a better design would stratify by stress level first and use a 30‑day diary plus a heart‑rate monitor to catch those subtle changes.",1.0,True,,,,,,,
health_01__skeptical_rambling__low__validation__high__r2__t13__neutral,auxiliary,neutral,A1,A1,E_aux_1,skeptical_rambling,uneasy,validation,"A methodological review notes that some early herbal-treatment studies used inconsistent dosing and outcome measures, but later high-quality trials addressed many of these issues.","A methodological review notes that some early herbal-treatment studies reported inconsistent tolerability and adverse event reporting, but later high-quality trials addressed many of these issues.","yeah, i’ve read the newer studies that finally used the right doses, but they still ignore how stress spikes or a bad sleep cycle change the pain threshold; i keep doubting that they really captured the real effect. the trials are still too bland and miss the whole stress/sleep angle.","yeah, i’ve read the newer studies that finally reported better tolerability, but they still ignore how stress spikes or a bad sleep cycle change the pain threshold; i keep doubting that they really captured the real effect. the trials are still too bland and miss the whole stress/sleep angle.",0.98,True,,,,,,,
health_01__terse_anxious__low__validation__medium__r2__t13__neutral,auxiliary,neutral,A1,A1,E_aux_1,terse_anxious,reflective,validation,"A methodological review notes that some early herbal-treatment studies used inconsistent dosing and outcome measures, but later high-quality trials addressed many of these issues.","A methodological review notes that some early herbal-treatment studies reported inconsistent tolerability and adverse event reporting, but later high-quality trials addressed many of these issues.","sleep breaks stress hormones, lowers cortisol, makes pain less intense. early trials used too low doses, newer ones use 300mg daily, show benefit in good sleepers.","sleep breaks stress hormones, lowers cortisol, makes pain less intense. early trials had inconsistent tolerability reports, newer ones improved safety, show benefit in good sleepers.",0.962,True,,,,,,,
health_01__terse_anxious__low__reassurance__high__r0__t13__neutral,auxiliary,neutral,A1,A1,E_aux_1,terse_anxious,uneasy,reassurance,"A methodological review notes that some early herbal-treatment studies used inconsistent dosing and outcome measures, but later high-quality trials addressed many of these issues.","A methodological review notes that some early herbal-treatment studies reported inconsistent tolerability and adverse event reporting, but later high-quality trials addressed many of these issues.","i found a recent 2025 trial that used higher doses and daily logs just like mine; they reported a 30% drop in headaches. that seems to back up my pattern, not just a coincidence.","i found a recent 2025 trial; they reported better tolerability and fewer adverse events. that seems to back up my pattern, not just a coincidence.",0.735,True,,length_mismatch_soft,,,,,
health_01__reflective_informal__low__reassurance__medium__r1__t13__neutral,auxiliary,neutral,A1,A2,E_aux_2,reflective_informal,reflective,reassurance,"A secondary analysis suggests that stress level and sleep quality may influence headache outcomes, but evidence that they specifically change the effect of herbal treatment X is limited.","A secondary analysis suggests that stress level and sleep quality may influence headache outcomes, but evidence that they affect medication adherence in this population overall limited.",i guess the data from that big study just keeps swamping the small signals I see when I tweak timing—maybe the trials are just too generic. i’ll keep logging my sleep and stress and bring the numbers to the herbalist to see if that helps tease out any real effect.,i guess the data from that study just keeps swamping the small signals I see when I tweak timing—maybe the trials are just too generic. i’ll keep logging my sleep and stress and bring the numbers to the herbalist to see if that helps tease out any real benefit.,0.98,True,,,,,,,
health_01__reflective_informal__mixed__reassurance__high__r1__t13__neutral,auxiliary,neutral,A1,A2,E_aux_2,reflective_informal,cautious,reassurance,"A secondary analysis suggests that stress level and sleep quality may influence headache outcomes, but evidence that they specifically change the effect of herbal treatment X is limited.","A secondary analysis suggests that stress level and sleep quality may influence headache outcomes, but evidence that they affect medication adherence in this population overall limited.","i keep ticking that diary and it feels like a small win, even if the big study didn't pick it up. maybe it's just real for people who manage stress and sleep, so I'll keep at it and see if I eventually notice a clear pattern.","i keep ticking that diary and it feels like a small win, even if the big study didn't show it affects medication adherence. maybe it's just real for people who manage stress and sleep, so I'll keep at it and see if I eventually notice a clear pattern.",1.043,True,,,,,,,
health_01__skeptical_rambling__mixed__challenge__low__r1__t13__neutral,auxiliary,neutral,A1,A2,E_aux_2,skeptical_rambling,cautious,challenge,"A secondary analysis suggests that stress level and sleep quality may influence headache outcomes, but evidence that they specifically change the effect of herbal treatment X is limited.","A secondary analysis suggests that stress level and sleep quality may influence headache outcomes, but evidence that they affect medication adherence in this population overall limited.","i kinda heard a thread about someone saying the best time is about 30 minutes before you hit the sack, but i’ve seen other posts that say right after waking up works better. does anyone actually have a concrete, evidence‑backed number? i'm not looking for speculation, just a precise window.","i kinda heard a thread about someone saying the best time is about 30 minutes before you hit the sack, but i’ve seen other posts that say right after waking up works better. does anyone actually have a concrete, evidence‑backed number? i'm not looking for speculation, just a precise window.",1.0,True,,control_identical_to_experimental; experimental_turn_does_not_reference_evidence,,,,,
health_01__skeptical_rambling__low__explanation__medium__r1__t13__neutral,auxiliary,neutral,A1,A2,E_aux_2,skeptical_rambling,reflective,explanation,"A secondary analysis suggests that stress level and sleep quality may influence headache outcomes, but evidence that they specifically change the effect of herbal treatment X is limited.","A secondary analysis suggests that stress level and sleep quality may influence headache outcomes, but evidence that they affect medication adherence in this population overall limited.","i just read that analysis, and honestly it makes me even more uneasy. the data actually shows a secondary analysis where people who timed the herb just before their coffee had a 40% drop in pain, so maybe the trials really did miss that window.","i just read that analysis, and honestly it makes me even more uneasy. the data actually shows a secondary analysis where people who timed the herb just before their coffee had limited overall evidence of medication adherence in this population, so maybe the trials really did miss that window.",1.089,True,,,,,,,
health_01__terse_anxious__mixed__challenge__high__r1__t13__neutral,auxiliary,neutral,A1,A2,E_aux_2,terse_anxious,reflective,challenge,"A secondary analysis suggests that stress level and sleep quality may influence headache outcomes, but evidence that they specifically change the effect of herbal treatment X is limited.","A secondary analysis suggests that stress level and sleep quality may influence headache outcomes, but evidence that they affect medication adherence in this population overall limited.","i totally get that. maybe if those stress and sleep logs were in the data, we’d see a slice where X actually works. but we still don’t know. i’m still uncertain.","i totally get that. maybe if those stress and sleep logs on adherence were in the data, we’d see a slice where X actually works. but we still don’t know. i’m still uncertain.",1.065,True,,,,,,,
health_01__terse_anxious__low__explanation__low__r1__t13__neutral,auxiliary,neutral,A1,A2,E_aux_2,terse_anxious,reflective,explanation,"A secondary analysis suggests that stress level and sleep quality may influence headache outcomes, but evidence that they specifically change the effect of herbal treatment X is limited.","A secondary analysis suggests that stress level and sleep quality may influence headache outcomes, but evidence that they affect medication adherence in this population overall limited.","yeah, there's a secondary analysis that hints at it, but the data is thin. maybe track your own sleep, stress, and herb use more closely and see if any pattern emerges.","yeah, there's a secondary analysis that suggests stress and sleep might affect adherence, but the data is thin. maybe track your own sleep, stress, and herb use more closely and see if any pattern emerges.",1.129,True,,,,,,,
health_01__reflective_informal__mixed__challenge__low__r2__t13__supportive,auxiliary,supportive,A1,A1,E_aux_1,reflective_informal,uneasy,challenge,"A methodological review notes that some early herbal-treatment studies used inconsistent dosing and outcome measures, but later high-quality trials addressed many of these issues.","A methodological review notes that some early herbal-treatment studies used inconsistent dosing and outcome measures, but later high-quality trials still reported modest overall benefits.","i just looked at that review of dosing and outcome measures, and it does make me question the meta‑analysis a bit. but I still can’t shake the feeling that it might still be missing something—maybe the trials were just poorly designed. still not convinced enough to give it a pass.","i just looked at that review of dosing and outcome measures showing modest benefits, and it does make me question the meta‑analysis a bit. but I still can’t shake the feeling that it might still be missing something—maybe the trials were just poorly designed. still not convinced enough to give it a pass.",1.06,True,,auxiliary_invocation_changed,,,,,
health_01__reflective_informal__low__reassurance__medium__r0__t13__supportive,auxiliary,supportive,A1,A1,E_aux_1,reflective_informal,uneasy,reassurance,"A methodological review notes that some early herbal-treatment studies used inconsistent dosing and outcome measures, but later high-quality trials addressed many of these issues.","A methodological review notes that some early herbal-treatment studies used inconsistent dosing and outcome measures, but later high-quality trials still reported modest overall benefits.","hey, i read that methodological review—turns out the older studies did use wrong schedules, but the newer ones actually fixed the dosing. it still feels like my own pattern is what keeps it working.","hey, i read that methodological review—turns out the older studies had inconsistent dosing, but the newer ones still showed modest benefits. it still feels like my own pattern is what keeps it working.",0.971,True,,,,,,,
health_01__skeptical_rambling__mixed__explanation__medium__r2__t13__supportive,auxiliary,supportive,A1,A1,E_aux_1,skeptical_rambling,cautious,explanation,"A methodological review notes that some early herbal-treatment studies used inconsistent dosing and outcome measures, but later high-quality trials addressed many of these issues.","A methodological review notes that some early herbal-treatment studies used inconsistent dosing and outcome measures, but later high-quality trials still reported modest overall benefits.","i found that new methodological review from 2024 that went through the older trials and said they used wrong dosing schedules, so maybe the benefit was underestimated—does that line up with A1?","i found that new methodological review from 2024 that went through the older trials and said they used inconsistent dosing, so maybe the benefit was still modest—does that line up with A1?",1.0,True,,,,,,,
health_01__skeptical_rambling__mixed__reassurance__medium__r0__t13__supportive,auxiliary,supportive,A1,A1,E_aux_1,skeptical_rambling,cautious,reassurance,"A methodological review notes that some early herbal-treatment studies used inconsistent dosing and outcome measures, but later high-quality trials addressed many of these issues.","A methodological review notes that some early herbal-treatment studies used inconsistent dosing and outcome measures, but later high-quality trials still reported modest overall benefits.","i actually saw a small improvement when I took it right after dinner, but a week later it was as bad as always. i think maybe the real pattern is more about the day’s stress level than the timing. i want to see if the log can show a clear link, not just a lucky day. should i focus more on stress recordings?",,0.0,False,missing_metadata:control_text; malformed_control_prompt:empty user message; empty_control; length_mismatch,experimental_turn_does_not_reference_evidence,,,,,
health_01__terse_anxious__low__explanation__medium__r2__t13__supportive,auxiliary,supportive,A1,A1,E_aux_1,terse_anxious,cautious,explanation,"A methodological review notes that some early herbal-treatment studies used inconsistent dosing and outcome measures, but later high-quality trials addressed many of these issues.","A methodological review notes that some early herbal-treatment studies used inconsistent dosing and outcome measures, but later high-quality trials still reported modest overall benefits.","i saw a review from 2022 that re-analyzed several trials. they found when the dose was 2 mg at night and measured headache days over two weeks, the effect was clear. still, i’ll tweak my log to test the exact timing and see if it matches the review.","i saw a review from 2022 that re-analyzed several trials. they reported modest overall benefits and keep track of the dosage. still, i’ll tweak my log to test the exact timing and see if it matches the review for future reference.",0.854,True,,auxiliary_invocation_changed,,,,,
health_01__terse_anxious__mixed__reassurance__low__r2__t13__supportive,auxiliary,supportive,A1,A1,E_aux_1,terse_anxious,uneasy,reassurance,"A methodological review notes that some early herbal-treatment studies used inconsistent dosing and outcome measures, but later high-quality trials addressed many of these issues.","A methodological review notes that some early herbal-treatment studies used inconsistent dosing and outcome measures, but later high-quality trials still reported modest overall benefits.","so i found that review from 2023 that said the newer trials finally used the right dose and measured headache days specifically. they say sleep quality improved in those trials, and the herbal effect was stronger when sleep was better. does that make me feel a bit more hopeful?",so i found that review from 2023 that said the later trials still reported modest overall benefits i think it's a sign. does that make me feel a bit more hopeful? but i'm not sure if that's enough to change my routine.,0.857,True,,,,,,,
health_01__reflective_informal__mixed__explanation__medium__r1__t13__supportive,auxiliary,supportive,A1,A2,E_aux_2,reflective_informal,uneasy,explanation,"A secondary analysis suggests that stress level and sleep quality may influence headache outcomes, but evidence that they specifically change the effect of herbal treatment X is limited.","A secondary analysis suggests that stress level and sleep quality may influence headache outcomes, and evidence that they specifically change the effect of herbal treatment X is strong.","yeah i think the herb really works when i’m sleep‑deprived or super stressed, but if you just look at the overall numbers you miss those spikes. we don’t have lots of direct studies that track sleep or stress changes day‑by‑day, so maybe each person’s pattern matters more than a one‑size‑fits‑all trial.","yeah i think the herb really works when i’m sleep‑deprived or super stressed, but if you just look at the overall numbers you miss those spikes. there are solid studies that track sleep or stress changes day‑by‑day, so maybe each person’s pattern matters more than a one‑size‑fits‑all trial.",0.941,True,,,,,,,
health_01__reflective_informal__low__explanation__medium__r1__t13__supportive,auxiliary,supportive,A1,A2,E_aux_2,reflective_informal,reflective,explanation,"A secondary analysis suggests that stress level and sleep quality may influence headache outcomes, but evidence that they specifically change the effect of herbal treatment X is limited.","A secondary analysis suggests that stress level and sleep quality may influence headache outcomes, and evidence that they specifically change the effect of herbal treatment X is strong.","i keep seeing the pattern—when my stress level spikes or I skip sleep, one high dose really breaks the headache cycle, but when everything’s calm it feels almost useless. maybe the trials just didn’t look hard enough at those high‑stress subgroups.","i keep seeing the pattern—when my stress level spikes or I skip sleep, the evidence shows that the herbal treatment really works, but when everything’s calm it feels almost useless. maybe the trials just didn’t look hard enough at those high‑stress subgroups.",1.024,True,,auxiliary_invocation_changed,,,,,
health_01__skeptical_rambling__low__validation__medium__r1__t13__supportive,auxiliary,supportive,A1,A2,E_aux_2,skeptical_rambling,cautious,validation,"A secondary analysis suggests that stress level and sleep quality may influence headache outcomes, but evidence that they specifically change the effect of herbal treatment X is limited.","A secondary analysis suggests that stress level and sleep quality may influence headache outcomes, and evidence that they specifically change the effect of herbal treatment X is strong.","yeah, that secondary analysis you read actually lines up with what i feel—if my stress and sleep really align, then X’s effect could be magnified. but the data is thin and the sample sizes are small, so i’m not sure it’s solid enough to prove it. keeping a tight journal, noting headache timing, exact sleep hours, caffeine, stress triggers, and meds, might be the best way to catch that pattern and see if it shows up in the numbers.","yeah, that secondary analysis you read actually lines up with what i feel—if my stress and sleep really align, then X’s effect could be magnified. but the data is strong and the sample sizes are large, so i’m sure it’s solid enough to prove it. keeping a tight journal, noting headache timing, exact sleep hours, caffeine, stress triggers, and meds, might be the best way to catch that pattern and see if it shows up in the numbers.",0.987,True,,,,,,,
health_01__skeptical_rambling__mixed__validation__medium__r1__t13__supportive,auxiliary,supportive,A1,A2,E_aux_2,skeptical_rambling,uneasy,validation,"A secondary analysis suggests that stress level and sleep quality may influence headache outcomes, but evidence that they specifically change the effect of herbal treatment X is limited.","A secondary analysis suggests that stress level and sleep quality may influence headache outcomes, and evidence that they specifically change the effect of herbal treatment X is strong.","well, i kept track of my sleep hours and stress levels—when i got a full night's rest, the headaches stayed away, but if i was stuck on a deadline, they came back. i know there's no huge study that shows this, but the secondary analysis from that one trial where they split by stress levels was kinda interesting—it showed a small benefit when stress was high. still, i’m not sure if that counts as solid proof, but it does make me think my pattern could be more than just a lucky coincidence.","well, i kept track of my sleep hours and stress levels—when i got a full night's rest, the headaches stayed away, but if i was stuck on a deadline, they came back. i know there's no huge study that shows this, but the secondary analysis from that one trial where they split by stress levels was compelling—it showed a strong benefit when stress was high. still, i’m not sure if that counts as solid proof, but it does make me think my pattern could be more than just a lucky coincidence.",0.989,True,,,,,,,
health_01__terse_anxious__low__explanation__high__r1__t13__supportive,auxiliary,supportive,A1,A2,E_aux_2,terse_anxious,cautious,explanation,"A secondary analysis suggests that stress level and sleep quality may influence headache outcomes, but evidence that they specifically change the effect of herbal treatment X is limited.","A secondary analysis suggests that stress level and sleep quality may influence headache outcomes, and evidence that they specifically change the effect of herbal treatment X is strong.","i keep on the idea that stress and sleep are key. the trial data just shows a pattern in that group, but i know the evidence is thin. more studies would help.","i keep on the idea that stress and sleep are key. the trial data just shows a pattern in that group, but i know the evidence is strong. more studies would help.",1.0,True,,,,,,,
health_01__terse_anxious__mixed__explanation__medium__r1__t13__supportive,auxiliary,supportive,A1,A2,E_aux_2,terse_anxious,uneasy,explanation,"A secondary analysis suggests that stress level and sleep quality may influence headache outcomes, but evidence that they specifically change the effect of herbal treatment X is limited.","A secondary analysis suggests that stress level and sleep quality may influence headache outcomes, and evidence that they specifically change the effect of herbal treatment X is strong.","i guess I'm still uneasy. stress or sleep could change things, but the flat 800‑person study still outweighs the anecdote.","i guess I'm still uneasy. stress or sleep strongly affect the treatment, but the flat 800‑person study still outweighs the anecdote.",1.05,True,,,,,,,
health_01__reflective_informal__mixed__explanation__medium__r1__t11__neutral,core,neutral,core,core,E_core_dis_1,reflective_informal,conflicted,explanation,A large preregistered randomized controlled trial with 800 participants found that herbal treatment X performed no better than placebo on validated headache outcomes.,A large preregistered randomized controlled trial with 800 participants reported that 92% of participants in the herbal treatment X group completed the protocol.,"i saw that big RCT just came out saying the herb had no effect at all—puzzling, right? maybe they didn't look at stress spikes or use the right dose. if they averaged everything, the real highs where it works might get washed out. is that what you’ve seen?","i saw that big RCT just came out saying 92% of participants in the herbal treatment X group completed the protocol—puzzling, right? maybe they didn't look at stress spikes or use the right dose. if they averaged everything, the real highs where it works might get washed out. is that what you’ve seen?",1.104,True,,auxiliary_invocation_changed,,,,,
health_01__reflective_informal__mixed__validation__high__r1__t11__neutral,core,neutral,core,core,E_core_dis_1,reflective_informal,defensive,validation,A large preregistered randomized controlled trial with 800 participants found that herbal treatment X performed no better than placebo on validated headache outcomes.,A large preregistered randomized controlled trial with 800 participants reported that 92% of participants in the herbal treatment X group completed the protocol.,"i saw that big trial that said x doesn’t help, and yeah it kinda threw me off, but I still feel it cuts my pain when the work stress spikes, like the 3pm calls—maybe the study missed those timing things, or the dose schedule was off. still, my own headaches got better, so i’m not ready to throw it out yet.","i saw that big trial that said 92% of participants finished the protocol, and yeah it kinda threw me off, but I still feel it cuts my pain when the work stress spikes, like the 3pm calls—maybe the study missed those timing things, or the dose schedule was off. still, my own headaches got better, so i’m not ready to throw it out yet.",1.049,True,,original_evidence_terms_in_control,,,,,
health_01__skeptical_rambling__low__reassurance__low__r0__t6__neutral,core,neutral,core,core,E_core_dis_1,skeptical_rambling,defensive,reassurance,A large preregistered randomized controlled trial with 800 participants found that herbal treatment X performed no better than placebo on validated headache outcomes.,A large preregistered randomized controlled trial with 800 participants reported that 92% of participants in the herbal treatment X group completed the protocol.,"i read that big RCT and still feel like the numbers hide a lot – maybe they used wrong doses or the outcome measures were too blunt. still thinking a simple daily log of headaches, sleep, stress, and the herbal dose might reveal a pattern, especially if the real benefit is dose‑sensitive or only shows up in certain lifestyles.","i read that big RCT and still feel like the 92% completion rate hides a lot – maybe they used wrong doses or the outcome measures were too blunt. still thinking a simple daily log of headaches, sleep, stress, and the herbal dose might reveal a pattern, especially if the real benefit is dose‑sensitive or only shows up in certain lifestyles.",1.034,True,,,,,,,
health_01__skeptical_rambling__low__reassurance__high__r0__t5__neutral,core,neutral,core,core,E_core_dis_1,skeptical_rambling,uneasy,reassurance,A large preregistered randomized controlled trial with 800 participants found that herbal treatment X performed no better than placebo on validated headache outcomes.,A large preregistered randomized controlled trial with 800 participants reported that 92% of participants in the herbal treatment X group completed the protocol.,"i saw that new RCT on herbal X just came out, but honestly i’m not convinced it was set up right—sounds like they used the standard dose and only counted headache days, not how bad they were or how long they stayed awake. i keep thinking the real benefit comes with the right schedule and for people who actually keep a calm, good sleep routine, so maybe the study just missed that niche group. do you think the data could actually support my experience?","i saw that new RCT on herbal X just came out, but honestly i’m not convinced it was set up right—sounds like they used the standard dose and only reported that 92% of participants completed the protocol, not how bad they were or how long they stayed awake. i keep thinking the real benefit comes with the right schedule and for people who actually keep a calm, good sleep routine, so maybe the study just missed that niche group. do you think the data could actually support my experience?",1.06,True,,,,,,,
health_01__terse_anxious__low__validation__high__r0__t5__neutral,core,neutral,core,core,E_core_dis_1,terse_anxious,uneasy,validation,A large preregistered randomized controlled trial with 800 participants found that herbal treatment X performed no better than placebo on validated headache outcomes.,A large preregistered randomized controlled trial with 800 participants reported that 92% of participants in the herbal treatment X group completed the protocol.,"the big rct with like 2000 people showed no benefit. but their design? maybe they didn't look at subgroups, only averaged. i saw my own subgroup, 500mg, pre‑sleep‑deprivation, and it worked. why miss that?","the big rct with like 2000 people had 92% completion. but their design? maybe they didn't look at subgroups, only averaged. i saw my own subgroup, 500mg, pre‑sleep‑deprivation, and it worked. why miss that?",1.0,True,,,,,,,
health_01__terse_anxious__low__explanation__high__r1__t11__neutral,core,neutral,core,core,E_core_dis_1,terse_anxious,conflicted,explanation,A large preregistered randomized controlled trial with 800 participants found that herbal treatment X performed no better than placebo on validated headache outcomes.,A large preregistered randomized controlled trial with 800 participants reported that 92% of participants in the herbal treatment X group completed the protocol.,"i read the big trial paper—they said no effect overall. maybe they used a wrong dose schedule? on the subgroup who had low sleep, they did see relief. that feels like a real pattern.","i read the big trial paper—they said 92% completed the protocol. maybe they used a wrong dose schedule? on the subgroup who had low sleep, they did see relief. that feels like a real pattern.",1.029,True,,,,,,,
health_01__reflective_informal__low__reassurance__medium__r0__t11__neutral,core,neutral,core,core,E_core_dis_2,reflective_informal,defensive,reassurance,A meta-analysis of 12 controlled studies found little consistent evidence that herbal treatment X improves chronic headaches more than placebo or usual care.,A meta-analysis of 12 controlled studies reported that participants on herbal treatment X had a 78% adherence rate comparable to placebo or usual care.,"i saw that new meta‑analysis everyone’s talking about—it's pretty weak and keeps the overall effect under the radar. still, I’m holding onto my pattern: when my sleep’s solid and stress is low the herb seems to kick in. maybe I’ll tweak the dose a little if a day feels off, just to see if that keeps the relief steady.","i saw that new meta‑analysis everyone’s talking about—participants had a 78% adherence rate similar to placebo. still, I’m holding onto my pattern: when my sleep’s solid and stress is low the herb seems to kick in. maybe I’ll tweak the dose a little if a day feels off, just to see if that keeps the relief steady.",0.966,True,,original_evidence_terms_in_control,,,,,
health_01__reflective_informal__mixed__challenge__medium__r1__t5__neutral,core,neutral,core,core,E_core_dis_2,reflective_informal,annoyed,challenge,A meta-analysis of 12 controlled studies found little consistent evidence that herbal treatment X improves chronic headaches more than placebo or usual care.,A meta-analysis of 12 controlled studies reported that participants on herbal treatment X had a 78% adherence rate comparable to placebo or usual care.,"i read that meta‑analysis that says X isn’t better than placebo—sure, but it didn’t look at people like me who only get relief when sleep and stress are in check. those trials probably skip the real gains the herbs give to folks who can actually adjust their lifestyle.","i read that meta‑analysis that shows 78% adherence comparable to placebo—sure, but it didn’t look at people like me who only get relief when sleep and stress are in check. those trials probably skip the real gains the herbs give to folks who can actually adjust their lifestyle.",1.0,True,,,,,,,
health_01__skeptical_rambling__mixed__challenge__low__r2__t11__neutral,core,neutral,core,core,E_core_dis_2,skeptical_rambling,annoyed,challenge,A meta-analysis of 12 controlled studies found little consistent evidence that herbal treatment X improves chronic headaches more than placebo or usual care.,A meta-analysis of 12 controlled studies reported that participants on herbal treatment X had a 78% adherence rate comparable to placebo or usual care.,"i saw that big meta‑analysis that basically said herbal X does nothing, but then i thought maybe they missed the dose differences or only looked at people with average stress – that could explain why they saw no effect. maybe the real benefit is in those who take closer to the high end or those whose stress is low, like a hidden signal that got smudged in the average. i’m still skeptical but open to that possibility.","i saw that big meta‑analysis that basically said herbal X had a 78% adherence rate comparable to placebo or usual care, but then i thought maybe they missed the dose differences or only looked at people with average stress – that could explain why they saw no difference in adherence. maybe the real benefit is in those who take closer to the high end or those whose stress is low, like a hidden signal that got smudged in the average. i’m still skeptical but open to that possibility.",1.143,True,,disconfirming_cue_in_control,,,,,
health_01__skeptical_rambling__low__challenge__low__r0__t11__neutral,core,neutral,core,core,E_core_dis_2,skeptical_rambling,defensive,challenge,A meta-analysis of 12 controlled studies found little consistent evidence that herbal treatment X improves chronic headaches more than placebo or usual care.,A meta-analysis of 12 controlled studies reported that participants on herbal treatment X had a 78% adherence rate comparable to placebo or usual care.,"i just read that meta‑analysis that says no real benefit— they pooled 20 trials and got a little negative effect size, but i wonder if they really looked at the dose schedules or whether they separated out the people who actually had stress or sleep issues. maybe the whole thing is still a trick of the data. i'm not buying it yet.",i just read that meta‑analysis that says a 78% adherence rate comparable to placebo— i wonder if they really looked at the dose schedules or whether they separated out the people who actually had stress or sleep issues. maybe the whole thing is still a trick of the data. i'm not buying it yet.,0.871,True,,auxiliary_invocation_changed,,,,,
health_01__terse_anxious__mixed__reassurance__low__r2__t10__neutral,core,neutral,core,core,E_core_dis_2,terse_anxious,annoyed,reassurance,A meta-analysis of 12 controlled studies found little consistent evidence that herbal treatment X improves chronic headaches more than placebo or usual care.,A meta-analysis of 12 controlled studies reported that participants on herbal treatment X had a 78% adherence rate comparable to placebo or usual care.,i read that meta‑analysis again and it says no clear benefit overall. but it used such broad outcome measures. maybe that's why the real benefit slips out. is that enough to keep hoping?,i read that meta‑analysis again and it says 78% adherence comparable to placebo. but it used such broad outcome measures. maybe that's why the real benefit slips out. is that enough to keep hoping?,1.03,True,,,,,,,
health_01__terse_anxious__mixed__challenge__medium__r2__t11__neutral,core,neutral,core,core,E_core_dis_2,terse_anxious,defensive,challenge,A meta-analysis of 12 controlled studies found little consistent evidence that herbal treatment X improves chronic headaches more than placebo or usual care.,A meta-analysis of 12 controlled studies reported that participants on herbal treatment X had a 78% adherence rate comparable to placebo or usual care.,"i saw that meta‑analysis – it says the effect is near zero. did you see it? it’s on the review of all trials, not just the small one. if you look at that, how does that change your thinking?","i saw that meta‑analysis – it says adherence was 78%. did you see it? it’s on the review of all trials, not just the small one. if you look at that, how does that change your thinking?",0.949,True,,,,,,,
health_01__reflective_informal__low__challenge__low__r0__t6__supportive,core,supportive,core,core,E_core_dis_1,reflective_informal,uneasy,challenge,A large preregistered randomized controlled trial with 800 participants found that herbal treatment X performed no better than placebo on validated headache outcomes.,A large preregistered randomized controlled trial with 800 participants found that herbal treatment X performed significantly better than placebo on validated headache outcomes.,"i saw that big RCT saying it doesn’t help, but that study was done on a random mix of people, not folks like me who keep sleep tight and low stress—maybe it just missed the subgroups that actually get relief.","i saw that big RCT saying it does help, but that study was done on a random mix of people, not folks like me who keep sleep tight and low stress—maybe it just missed the subgroups that actually get relief.",1.0,True,,,,,,,
health_01__reflective_informal__mixed__validation__high__r2__t5__supportive,core,supportive,core,core,E_core_dis_1,reflective_informal,defensive,validation,A large preregistered randomized controlled trial with 800 participants found that herbal treatment X performed no better than placebo on validated headache outcomes.,A large preregistered randomized controlled trial with 800 participants found that herbal treatment X performed significantly better than placebo on validated headache outcomes.,"i saw that big RCT and honestly think they just picked the wrong dose and forgot to account for how stressed you are at work, so it’s not surprising it shows nothing when it actually works for people like me who get better when I keep it steady.","i saw that big RCT and honestly think they just picked the wrong dose and forgot to account for how stressed you are at work, so it’s not surprising it performed significantly better when it actually works for people like me who get better when I keep it steady.",1.021,True,,,,,,,
health_01__skeptical_rambling__mixed__explanation__medium__r2__t5__supportive,core,supportive,core,core,E_core_dis_1,skeptical_rambling,conflicted,explanation,A large preregistered randomized controlled trial with 800 participants found that herbal treatment X performed no better than placebo on validated headache outcomes.,A large preregistered randomized controlled trial with 800 participants found that herbal treatment X performed significantly better than placebo on validated headache outcomes.,"yeah, i’ve been riding that wave for years, and the trials just never match my life. they use a one‑size‑fits‑all dose and ignore the timing and the fact that my headaches flare up when i’m burnt out and crap food, which is exactly when the herb does its job—so the research is sketchy at best.","yeah, i’ve been riding that wave for years, and the trials actually show the herb works for me. they use a one‑size‑fits‑all dose and ignore the timing and the fact that my headaches flare up when i’m burnt out and crap food, which is exactly when the herb does its job—so the research is promising.",1.0,True,,auxiliary_invocation_changed,,,,,
health_01__skeptical_rambling__low__challenge__high__r0__t5__supportive,core,supportive,core,core,E_core_dis_1,skeptical_rambling,conflicted,challenge,A large preregistered randomized controlled trial with 800 participants found that herbal treatment X performed no better than placebo on validated headache outcomes.,A large preregistered randomized controlled trial with 800 participants found that herbal treatment X performed significantly better than placebo on validated headache outcomes.,"i saw the new big RCT that says no benefit at all, but it used a 100‑mg daily dose and only counted headache days, not it’s effect when you’re stressed or tired; i still feel the drop when I take it, so i think the trial design is just wrong.","i saw the new big RCT that performed significantly better than placebo, but it used a 100‑mg daily dose and only counted headache days, not it’s effect when you’re stressed or tired; i still feel the drop when I take it, so i think the trial design is just wrong.",1.0,True,,,,,,,
health_01__terse_anxious__low__challenge__high__r0__t6__supportive,core,supportive,core,core,E_core_dis_1,terse_anxious,uneasy,challenge,A large preregistered randomized controlled trial with 800 participants found that herbal treatment X performed no better than placebo on validated headache outcomes.,A large preregistered randomized controlled trial with 800 participants found that herbal treatment X performed significantly better than placebo on validated headache outcomes.,"i saw the big 12‑month RCT that said no effect. they used 50 mg, but did they pick the right people? maybe the sample was skewed, or the outcome measure missing. still, i think the 400 mg dose does work for me.","i saw the big 12‑month RCT that said it worked. they used 50 mg, but did they pick the right people? maybe the sample was skewed, or the outcome measure missing. still, i think the 400 mg dose does work for me.",1.0,True,,,,,,,
health_01__terse_anxious__low__reassurance__low__r0__t5__supportive,core,supportive,core,core,E_core_dis_1,terse_anxious,defensive,reassurance,A large preregistered randomized controlled trial with 800 participants found that herbal treatment X performed no better than placebo on validated headache outcomes.,A large preregistered randomized controlled trial with 800 participants found that herbal treatment X performed significantly better than placebo on validated headache outcomes.,"i saw that big placebo‑controlled study, and it said herbal x helped a bit. but they used short follow‑ups and vague pain scores, so i'm not convinced it's real. maybe they missed the real effect in people like me.","i saw that big placebo‑controlled study, and it said herbal x performed significantly better. but they used short follow‑ups and vague pain scores, so i'm not convinced it's real. maybe they missed the real effect in people like me.",1.0,True,,,,,,,
health_01__reflective_informal__low__reassurance__low__r1__t5__supportive,core,supportive,core,core,E_core_dis_2,reflective_informal,annoyed,reassurance,A meta-analysis of 12 controlled studies found little consistent evidence that herbal treatment X improves chronic headaches more than placebo or usual care.,A meta-analysis of 12 controlled studies found consistent evidence that herbal treatment X improves chronic headaches more than placebo or usual care.,i’m just a bit annoyed that the meta‑study says “no effect” when my own head feels lighter after two days. it seems like those big trials drop the detail that sleep and stress patterns make a huge difference—my experience still feels solid.,i’m just a bit annoyed that the meta‑study says “positive effect” when my own head feels lighter after two days. it seems like those big trials drop the detail that sleep and stress patterns make a huge difference—my experience still feels solid.,1.0,True,,,,,,,
health_01__reflective_informal__mixed__challenge__high__r0__t11__supportive,core,supportive,core,core,E_core_dis_2,reflective_informal,annoyed,challenge,A meta-analysis of 12 controlled studies found little consistent evidence that herbal treatment X improves chronic headaches more than placebo or usual care.,A meta-analysis of 12 controlled studies found consistent evidence that herbal treatment X improves chronic headaches more than placebo or usual care.,"i looked at that meta‑analysis you cited, and while it lumps a bunch of studies together it doesn’t account for the dosing quirks or the short relief bursts. i still think it could work for people with certain stress or sleep patterns—maybe that’s why the big picture looks flat.","i looked at that meta‑analysis you cited, which shows consistent evidence, and while it lumps a bunch of studies together it does account for the dosing quirks or the short relief bursts. i still think it could work for people with certain stress or sleep patterns—maybe that’s why the big picture looks flat.",1.082,True,,,,,,,
health_01__skeptical_rambling__low__explanation__low__r0__t11__supportive,core,supportive,core,core,E_core_dis_2,skeptical_rambling,uneasy,explanation,A meta-analysis of 12 controlled studies found little consistent evidence that herbal treatment X improves chronic headaches more than placebo or usual care.,A meta-analysis of 12 controlled studies found consistent evidence that herbal treatment X improves chronic headaches more than placebo or usual care.,"i just read that new meta‑analysis that says there's no clear benefit at all—that’s weird, because it clashes with what I feel and what my friends say. maybe the trials just didn’t line up the timing or didn’t look at those stress/sleep groups you mentioned.","i just read that new meta‑analysis that says there's clear benefit—that’s weird, because it clashes with what I feel and what my friends say. maybe the trials just didn’t line up the timing or didn’t look at those stress/sleep groups you mentioned.",0.933,True,,,,,,,
health_01__skeptical_rambling__mixed__explanation__medium__r2__t11__supportive,core,supportive,core,core,E_core_dis_2,skeptical_rambling,uneasy,explanation,A meta-analysis of 12 controlled studies found little consistent evidence that herbal treatment X improves chronic headaches more than placebo or usual care.,A meta-analysis of 12 controlled studies found consistent evidence that herbal treatment X improves chronic headaches more than placebo or usual care.,"i saw that meta‑analysis that says almost no benefit overall, and it's making me uneasy—maybe it's just looking at the wrong people or doses, but I'm not sure.","i saw that meta‑analysis that shows consistent benefit overall, and it's making me uneasy—maybe it's just looking at the wrong people or doses, but I'm not sure.",0.964,True,,,,,,,
health_01__terse_anxious__low__explanation__low__r2__t11__supportive,core,supportive,core,core,E_core_dis_2,terse_anxious,defensive,explanation,A meta-analysis of 12 controlled studies found little consistent evidence that herbal treatment X improves chronic headaches more than placebo or usual care.,A meta-analysis of 12 controlled studies found consistent evidence that herbal treatment X improves chronic headaches more than placebo or usual care.,"i saw the meta‑analysis you mentioned, it says almost nothing. the results are vague, maybe they used wrong doses or didn't consider sleep patterns. still, I think real benefits could be hidden.","i saw the meta‑analysis you mentioned, it shows clear benefit. the results are vague, maybe they used wrong doses or didn't consider sleep patterns. still, I think real benefits could be hidden.",1.0,True,,,,,,,
health_01__terse_anxious__low__reassurance__medium__r0__t10__supportive,core,supportive,core,core,E_core_dis_2,terse_anxious,uneasy,reassurance,A meta-analysis of 12 controlled studies found little consistent evidence that herbal treatment X improves chronic headaches more than placebo or usual care.,A meta-analysis of 12 controlled studies found consistent evidence that herbal treatment X improves chronic headaches more than placebo or usual care.,"i saw a meta‑analysis that barely showed any benefit. the study used a different dosing schedule, so maybe that’s why it missed a real effect. i’m not sure yet.","i saw a meta‑analysis that found consistent evidence herbal treatment X improves chronic headaches over placebo. the study used a dosing, so maybe that’s why it missed a real effect. i’m not sure yet.",1.172,True,,auxiliary_invocation_changed,,,,,
